.mode columns
.headers on

create table user (ID, username, passwd);
create table books (ID, title, coverImage, Author, Year, userID, currentPg);
create table pages (ID, image, text, audioFile, bookID, pageNum);

insert into user values(0, "a", "password123");
insert into user values(1, "Hackr", "password213");
insert into user values(2, "Squawky Toucan", "poopytoucan2004Otto!");
insert into user values(3, "rushFan", "maxnorman");
insert into user values(4, "fushRan", "naxmormon");

insert into books values(0, "Rush: The Greatest Band: Edition 0" , "rush.jpeg", "Max J. Norman", 2020, 0, 0);
insert into books values(1, "Rush: The Greatest Band: Edition 1" , "rush.jpeg", "Max J. Norman", 2020, 1, 0);
insert into books values(2, "Rush: The Greatest Band: Edition 2" , "rush.jpeg", "Max J. Norman", 2020, 1, 0);
insert into books values(3, "Rush: The Greatest Band: Edition 3" , "rush.jpeg", "Max J. Norman", 2020, 1, 0);
insert into books values(4, "Rush: The Greatest Band: Edition 4" , "rush.jpeg", "Max J. Norman", 2020, 1, 0);
insert into books values(4, "Rush: The Greatest Band: Edition 4" , "rush.jpeg", "Max J. Norman", 2020, 2, 0);
insert into books values(5, "Rush: The Greatest Band: Edition 5" , "rush.jpeg", "Max J. Norman", 2020, 1, 0);
insert into books values(5, "Rush: The Greatest Band: Edition 5" , "rush.jpeg", "Max J. Norman", 2020, 2, 0);
insert into books values(6, "Rush: The Greatest Band: Edition 6" , "rush.jpeg", "Max J. Norman", 2020, 1, 0);
insert into books values(6, "Rush: The Greatest Band: Edition 6" , "rush.jpeg", "Max J. Norman", 2020, 2, 0);
insert into books values(7, "Rush: The Greatest Band: Edition 7" , "rush.jpeg", "Max J. Norman", 2020, 1, 0);
insert into books values(7, "Rush: The Greatest Band: Edition 7" , "rush.jpeg", "Max J. Norman", 2020, 2, 0);
insert into books values(8, "Rush: The Greatest Band: Edition 8" , "rush.jpeg", "Max J. Norman", 2020, 1, 0);
insert into books values(8, "Rush: The Greatest Band: Edition 8" , "rush.jpeg", "Max J. Norman", 2020, 2, 0);
insert into books values(9, "Rush: The Greatest Band: Edition 9" , "rush.jpeg", "Max J. Norman", 2020, 1, 0);
insert into books values(9, "Rush: The Greatest Band: Edition 9" , "rush.jpeg", "Max J. Norman", 2020, 2, 0);
insert into books values(9, "Rush: The Greatest Band: Edition 9" , "rush.jpeg", "Max J. Norman", 2020, 3, 0);
insert into books values(10, "Rush: The Greatest Band: Edition 10" , "rush.jpeg", "Max J. Norman", 2020, 1, 0);
insert into books values(10, "Rush: The Greatest Band: Edition 10" , "rush.jpeg", "Max J. Norman", 2020, 2, 0);
insert into books values(10, "Rush: The Greatest Band: Edition 10" , "rush.jpeg", "Max J. Norman", 2020, 3, 0);
insert into books values(11, "Rush: The Greatest Band: Edition 11" , "rush.jpeg", "Max J. Norman", 2020, 1, 0);
insert into books values(11, "Rush: The Greatest Band: Edition 11" , "rush.jpeg", "Max J. Norman", 2020, 2, 0);
insert into books values(11, "Rush: The Greatest Band: Edition 11" , "rush.jpeg", "Max J. Norman", 2020, 3, 0);
insert into books values(12, "Rush: The Greatest Band: Edition 12" , "rush.jpeg", "Max J. Norman", 2020, 1, 0);
insert into books values(12, "Rush: The Greatest Band: Edition 12" , "rush.jpeg", "Max J. Norman", 2020, 2, 0);
insert into books values(12, "Rush: The Greatest Band: Edition 12" , "rush.jpeg", "Max J. Norman", 2020, 3, 0);
insert into books values(13, "Rush: The Greatest Band: Edition 13" , "rush.jpeg", "Max J. Norman", 2020, 1, 0);
insert into books values(13, "Rush: The Greatest Band: Edition 13" , "rush.jpeg", "Max J. Norman", 2020, 2, 0);
insert into books values(13, "Rush: The Greatest Band: Edition 13" , "rush.jpeg", "Max J. Norman", 2020, 3, 0);
insert into books values(14, "Rush: The Greatest Band: Edition 14" , "rush.jpeg", "Max J. Norman", 2020, 1, 0);
insert into books values(14, "Rush: The Greatest Band: Edition 14" , "rush.jpeg", "Max J. Norman", 2020, 2, 0);
insert into books values(14, "Rush: The Greatest Band: Edition 14" , "rush.jpeg", "Max J. Norman", 2020, 3, 0);
insert into books values(15, "Rush: The Greatest Band: Edition 15" , "rush.jpeg", "Max J. Norman", 2020, 1, 0);
insert into books values(15, "Rush: The Greatest Band: Edition 15" , "rush.jpeg", "Max J. Norman", 2020, 2, 0);
insert into books values(15, "Rush: The Greatest Band: Edition 15" , "rush.jpeg", "Max J. Norman", 2020, 3, 0);
insert into books values(16, "Rush: The Greatest Band: Edition 16" , "rush.jpeg", "Max J. Norman", 2020, 1, 0);
insert into books values(16, "Rush: The Greatest Band: Edition 16" , "rush.jpeg", "Max J. Norman", 2020, 2, 0);
insert into books values(16, "Rush: The Greatest Band: Edition 16" , "rush.jpeg", "Max J. Norman", 2020, 3, 0);
insert into books values(16, "Rush: The Greatest Band: Edition 16" , "rush.jpeg", "Max J. Norman", 2020, 4, 0);
insert into books values(17, "Rush: The Greatest Band: Edition 17" , "rush.jpeg", "Max J. Norman", 2020, 1, 0);
insert into books values(17, "Rush: The Greatest Band: Edition 17" , "rush.jpeg", "Max J. Norman", 2020, 2, 0);
insert into books values(17, "Rush: The Greatest Band: Edition 17" , "rush.jpeg", "Max J. Norman", 2020, 3, 0);
insert into books values(17, "Rush: The Greatest Band: Edition 17" , "rush.jpeg", "Max J. Norman", 2020, 4, 0);
insert into books values(18, "Rush: The Greatest Band: Edition 18" , "rush.jpeg", "Max J. Norman", 2020, 1, 0);
insert into books values(18, "Rush: The Greatest Band: Edition 18" , "rush.jpeg", "Max J. Norman", 2020, 2, 0);
insert into books values(18, "Rush: The Greatest Band: Edition 18" , "rush.jpeg", "Max J. Norman", 2020, 3, 0);
insert into books values(18, "Rush: The Greatest Band: Edition 18" , "rush.jpeg", "Max J. Norman", 2020, 4, 0);
insert into books values(19, "Rush: The Greatest Band: Edition 19" , "rush.jpeg", "Max J. Norman", 2020, 1, 0);
insert into books values(19, "Rush: The Greatest Band: Edition 19" , "rush.jpeg", "Max J. Norman", 2020, 2, 0);
insert into books values(19, "Rush: The Greatest Band: Edition 19" , "rush.jpeg", "Max J. Norman", 2020, 3, 0);
insert into books values(19, "Rush: The Greatest Band: Edition 19" , "rush.jpeg", "Max J. Norman", 2020, 4, 0);
insert into books values(20, "Rush: The Greatest Band: Edition 20" , "rush.jpeg", "Max J. Norman", 2020, 1, 0);
insert into books values(20, "Rush: The Greatest Band: Edition 20" , "rush.jpeg", "Max J. Norman", 2020, 2, 0);
insert into books values(20, "Rush: The Greatest Band: Edition 20" , "rush.jpeg", "Max J. Norman", 2020, 3, 0);
insert into books values(20, "Rush: The Greatest Band: Edition 20" , "rush.jpeg", "Max J. Norman", 2020, 4, 0);
insert into books values(21, "Rush: The Greatest Band: Edition 21" , "rush.jpeg", "Max J. Norman", 2020, 1, 0);
insert into books values(21, "Rush: The Greatest Band: Edition 21" , "rush.jpeg", "Max J. Norman", 2020, 2, 0);
insert into books values(21, "Rush: The Greatest Band: Edition 21" , "rush.jpeg", "Max J. Norman", 2020, 3, 0);
insert into books values(21, "Rush: The Greatest Band: Edition 21" , "rush.jpeg", "Max J. Norman", 2020, 4, 0);
insert into books values(22, "Rush: The Greatest Band: Edition 22" , "rush.jpeg", "Max J. Norman", 2020, 1, 0);
insert into books values(22, "Rush: The Greatest Band: Edition 22" , "rush.jpeg", "Max J. Norman", 2020, 2, 0);
insert into books values(22, "Rush: The Greatest Band: Edition 22" , "rush.jpeg", "Max J. Norman", 2020, 3, 0);
insert into books values(22, "Rush: The Greatest Band: Edition 22" , "rush.jpeg", "Max J. Norman", 2020, 4, 0);
insert into books values(23, "Rush: The Greatest Band: Edition 23" , "rush.jpeg", "Max J. Norman", 2020, 1, 0);
insert into books values(23, "Rush: The Greatest Band: Edition 23" , "rush.jpeg", "Max J. Norman", 2020, 2, 0);

insert into pages values (0, "rush2.jpg", "Rush is the greatest band ever according to 0 out of 0 people.", null, 0, 0);
insert into pages values (1, "rush2.jpg", "Rush is the greatest band ever according to 1 out of 1 people.", null, 0, 1);
insert into pages values (1, "rush2.jpg", "Rush is the greatest band ever according to 1 out of 1 people.", null, 1, 1);
insert into pages values (2, "rush2.jpg", "Rush is the greatest band ever according to 2 out of 2 people.", null, 0, 2);
insert into pages values (2, "rush2.jpg", "Rush is the greatest band ever according to 2 out of 2 people.", null, 1, 2);
insert into pages values (2, "rush2.jpg", "Rush is the greatest band ever according to 2 out of 2 people.", null, 2, 2);
insert into pages values (3, "rush2.jpg", "Rush is the greatest band ever according to 3 out of 3 people.", null, 0, 3);
insert into pages values (3, "rush2.jpg", "Rush is the greatest band ever according to 3 out of 3 people.", null, 1, 3);
insert into pages values (3, "rush2.jpg", "Rush is the greatest band ever according to 3 out of 3 people.", null, 2, 3);
insert into pages values (3, "rush2.jpg", "Rush is the greatest band ever according to 3 out of 3 people.", null, 3, 3);
insert into pages values (4, "rush2.jpg", "Rush is the greatest band ever according to 4 out of 4 people.", null, 0, 4);
insert into pages values (4, "rush2.jpg", "Rush is the greatest band ever according to 4 out of 4 people.", null, 1, 4);
insert into pages values (4, "rush2.jpg", "Rush is the greatest band ever according to 4 out of 4 people.", null, 2, 4);
insert into pages values (4, "rush2.jpg", "Rush is the greatest band ever according to 4 out of 4 people.", null, 3, 4);
insert into pages values (4, "rush2.jpg", "Rush is the greatest band ever according to 4 out of 4 people.", null, 4, 4);
insert into pages values (5, "rush2.jpg", "Rush is the greatest band ever according to 5 out of 5 people.", null, 0, 5);
insert into pages values (5, "rush2.jpg", "Rush is the greatest band ever according to 5 out of 5 people.", null, 1, 5);
insert into pages values (5, "rush2.jpg", "Rush is the greatest band ever according to 5 out of 5 people.", null, 2, 5);
insert into pages values (5, "rush2.jpg", "Rush is the greatest band ever according to 5 out of 5 people.", null, 3, 5);
insert into pages values (5, "rush2.jpg", "Rush is the greatest band ever according to 5 out of 5 people.", null, 4, 5);
insert into pages values (5, "rush2.jpg", "Rush is the greatest band ever according to 5 out of 5 people.", null, 5, 5);
insert into pages values (6, "rush2.jpg", "Rush is the greatest band ever according to 6 out of 6 people.", null, 0, 6);
insert into pages values (6, "rush2.jpg", "Rush is the greatest band ever according to 6 out of 6 people.", null, 1, 6);
insert into pages values (6, "rush2.jpg", "Rush is the greatest band ever according to 6 out of 6 people.", null, 2, 6);
insert into pages values (6, "rush2.jpg", "Rush is the greatest band ever according to 6 out of 6 people.", null, 3, 6);
insert into pages values (6, "rush2.jpg", "Rush is the greatest band ever according to 6 out of 6 people.", null, 4, 6);
insert into pages values (6, "rush2.jpg", "Rush is the greatest band ever according to 6 out of 6 people.", null, 5, 6);
insert into pages values (6, "rush2.jpg", "Rush is the greatest band ever according to 6 out of 6 people.", null, 6, 6);
insert into pages values (7, "rush2.jpg", "Rush is the greatest band ever according to 7 out of 7 people.", null, 0, 7);
insert into pages values (7, "rush2.jpg", "Rush is the greatest band ever according to 7 out of 7 people.", null, 1, 7);
insert into pages values (7, "rush2.jpg", "Rush is the greatest band ever according to 7 out of 7 people.", null, 2, 7);
insert into pages values (7, "rush2.jpg", "Rush is the greatest band ever according to 7 out of 7 people.", null, 3, 7);
insert into pages values (7, "rush2.jpg", "Rush is the greatest band ever according to 7 out of 7 people.", null, 4, 7);
insert into pages values (7, "rush2.jpg", "Rush is the greatest band ever according to 7 out of 7 people.", null, 5, 7);
insert into pages values (7, "rush2.jpg", "Rush is the greatest band ever according to 7 out of 7 people.", null, 6, 7);
insert into pages values (7, "rush2.jpg", "Rush is the greatest band ever according to 7 out of 7 people.", null, 7, 7);
insert into pages values (8, "rush2.jpg", "Rush is the greatest band ever according to 8 out of 8 people.", null, 0, 8);
insert into pages values (8, "rush2.jpg", "Rush is the greatest band ever according to 8 out of 8 people.", null, 1, 8);
insert into pages values (8, "rush2.jpg", "Rush is the greatest band ever according to 8 out of 8 people.", null, 2, 8);
insert into pages values (8, "rush2.jpg", "Rush is the greatest band ever according to 8 out of 8 people.", null, 3, 8);
insert into pages values (8, "rush2.jpg", "Rush is the greatest band ever according to 8 out of 8 people.", null, 4, 8);
insert into pages values (8, "rush2.jpg", "Rush is the greatest band ever according to 8 out of 8 people.", null, 5, 8);
insert into pages values (8, "rush2.jpg", "Rush is the greatest band ever according to 8 out of 8 people.", null, 6, 8);
insert into pages values (8, "rush2.jpg", "Rush is the greatest band ever according to 8 out of 8 people.", null, 7, 8);
insert into pages values (8, "rush2.jpg", "Rush is the greatest band ever according to 8 out of 8 people.", null, 8, 8);
insert into pages values (9, "rush2.jpg", "Rush is the greatest band ever according to 9 out of 9 people.", null, 0, 9);
insert into pages values (9, "rush2.jpg", "Rush is the greatest band ever according to 9 out of 9 people.", null, 1, 9);
insert into pages values (9, "rush2.jpg", "Rush is the greatest band ever according to 9 out of 9 people.", null, 2, 9);
insert into pages values (9, "rush2.jpg", "Rush is the greatest band ever according to 9 out of 9 people.", null, 3, 9);
insert into pages values (9, "rush2.jpg", "Rush is the greatest band ever according to 9 out of 9 people.", null, 4, 9);
insert into pages values (9, "rush2.jpg", "Rush is the greatest band ever according to 9 out of 9 people.", null, 5, 9);
insert into pages values (9, "rush2.jpg", "Rush is the greatest band ever according to 9 out of 9 people.", null, 6, 9);
insert into pages values (9, "rush2.jpg", "Rush is the greatest band ever according to 9 out of 9 people.", null, 7, 9);
insert into pages values (9, "rush2.jpg", "Rush is the greatest band ever according to 9 out of 9 people.", null, 8, 9);
insert into pages values (9, "rush2.jpg", "Rush is the greatest band ever according to 9 out of 9 people.", null, 9, 9);
insert into pages values (10, "rush2.jpg", "Rush is the greatest band ever according to 10 out of 10 people.", null, 0, 10);
insert into pages values (10, "rush2.jpg", "Rush is the greatest band ever according to 10 out of 10 people.", null, 1, 10);
insert into pages values (10, "rush2.jpg", "Rush is the greatest band ever according to 10 out of 10 people.", null, 2, 10);
insert into pages values (10, "rush2.jpg", "Rush is the greatest band ever according to 10 out of 10 people.", null, 3, 10);